{
  "country": "Brazil",
  "n_samples": 819,
  "n_regions": 77,
  "n_stress": 102,
  "stress_rate": 0.12454212454212454,
  "loyo_auroc": 0.5388123171165258,
  "loro_auroc": 0.6186247162742363,
  "rf_loyo_auroc": 0.47629693439439935,
  "years": [
    2018,
    2019,
    2020,
    2021,
    2022,
    2023
  ]
}